,LR scores train,LR scores test,RF scores train,RF scores test,LC scores train,LC scores test
0,0.9410389957264959,0.935673743956275,0.9659321581196582,0.9171746899306287,0.9391693376068375,0.9371452596174059
1,0.9425697253566107,0.9354497354497354,0.9665877155631254,0.9331216931216931,0.9296093251011284,0.9128042328042328
2,0.9382162563667233,0.951941643424158,0.9639616935483871,0.9579489379961382,0.9223922962648557,0.9362797682900665
3,0.9461255106824727,0.9142857142857143,0.9654276337820642,0.9319327731092437,0.9445716964704307,0.9176470588235294
4,0.9404904660877357,0.9446759259259259,0.9647370432353367,0.9435185185185185,0.9384216005376415,0.9393518518518519
