,LR scores train,LR scores test,RF scores train,RF scores test,LC scores train,LC scores test
0,0.9375256449285913,0.9551393728222997,1.0,0.9467552264808362,0.923707164696695,0.9333623693379791
1,0.9496250082962766,0.9027777777777777,1.0,0.9174145299145299,0.9478595606291896,0.9049145299145299
2,0.9488931729043409,0.9032258064516129,1.0,0.900679117147708,0.9484677258525559,0.8930390492359933
3,0.9371153438030562,0.9519416434241579,0.9999999999999999,0.9408925123364085,0.9362399193548389,0.9403561467496245
4,0.9354497354497355,0.9533613445378152,1.0,0.9555672268907563,0.9214654075413569,0.9275210084033614
